{"roc_auc_logistic regression_GS_Heart_Disease": 0.6859548743223404, "accurarcy_logistic regression_GS_Heart_Disease": 0.7168279679169468, "roc_auc_neural net_GS_Heart_Disease": 0.6884526944752483, "accurarcy_neural net_GS_Heart_Disease": 0.7011397926796854, "roc_auc_support vector machine_GS_Heart_Disease": 0.5, "accurarcy_support vector machine_GS_Heart_Disease": 0.9144045404086993, "roc_auc_SVM_GS_Heart_Disease": 0.6817387762000964, "accurarcy_SVM_GS_Heart_Disease": 0.7074219421817102}